                  epoch,         train/box_loss,         train/cls_loss,         train/dfl_loss,   metrics/precision(B),      metrics/recall(B),       metrics/mAP50(B),    metrics/mAP50-95(B),           val/box_loss,           val/cls_loss,           val/dfl_loss,                 lr/pg0,                 lr/pg1,                 lr/pg2
                      1,                 1.5053,                 3.4959,                 1.6345,                 0.6732,                0.17051,                0.36322,                0.17861,                 1.5283,                 2.9362,                 1.6666,              0.0002351,              0.0002351,              0.0002351
                      2,                 1.4088,                 2.4801,                 1.5649,                0.40889,                   0.53,                0.44048,                0.22589,                 1.5894,                 2.5059,                 1.7058,             0.00047154,             0.00047154,             0.00047154
                      3,                 1.4026,                 2.2924,                  1.566,                0.48551,                0.53665,                0.53524,                0.29345,                 1.5495,                 2.1879,                 1.7503,              0.0007064,              0.0007064,              0.0007064
                      4,                 1.3846,                 2.1595,                 1.5667,                0.53188,                0.47263,                0.50176,                0.27747,                 1.5156,                 2.3549,                  1.752,             0.00070693,             0.00070693,             0.00070693
                      5,                 1.3739,                 1.9898,                 1.5441,                0.60997,                0.56465,                0.54785,                0.30842,                 1.4997,                 2.1089,                 1.7279,             0.00070458,             0.00070458,             0.00070458
                      6,                  1.338,                 1.8767,                 1.5021,                0.58778,                0.51316,                0.53482,                0.28147,                 1.5773,                  2.081,                  1.751,             0.00070222,             0.00070222,             0.00070222
                      7,                 1.3172,                 1.7542,                 1.4822,                0.66002,                0.55869,                0.60667,                0.33277,                 1.5333,                 1.9187,                 1.7139,             0.00069986,             0.00069986,             0.00069986
                      8,                 1.2763,                 1.6551,                 1.4552,                0.57783,                0.61713,                0.63351,                0.36477,                 1.4892,                 1.7583,                 1.6977,             0.00069751,             0.00069751,             0.00069751
                      9,                  1.255,                 1.5993,                  1.443,                0.63163,                0.53854,                0.61135,                0.33178,                 1.5767,                 1.8963,                 1.7786,             0.00069515,             0.00069515,             0.00069515
                     10,                 1.2525,                 1.5377,                 1.4506,                0.62766,                0.55748,                0.59908,                0.34545,                 1.5763,                 1.7098,                 1.7036,             0.00069279,             0.00069279,             0.00069279
                     11,                 1.2021,                 1.4557,                 1.4059,                0.63318,                0.55441,                0.61251,                0.33184,                 1.5732,                 1.7223,                 1.7316,             0.00069044,             0.00069044,             0.00069044
                     12,                 1.2042,                 1.4288,                  1.396,                0.64889,                0.60147,                0.67632,                0.40136,                 1.4674,                 1.5258,                 1.6375,             0.00068808,             0.00068808,             0.00068808
                     13,                 1.1798,                 1.3743,                 1.3906,                0.68836,                0.65627,                0.67076,                0.38839,                 1.4897,                 1.4924,                 1.6831,             0.00068573,             0.00068573,             0.00068573
                     14,                 1.1498,                 1.2779,                  1.355,                0.71851,                  0.623,                0.69122,                0.39079,                 1.4883,                 1.5387,                 1.6748,             0.00068337,             0.00068337,             0.00068337
                     15,                  1.137,                 1.2579,                  1.359,                0.71341,                0.63651,                0.68113,                0.38365,                 1.5343,                  1.523,                 1.6744,             0.00068101,             0.00068101,             0.00068101
                     16,                  1.148,                 1.2537,                 1.3623,                0.63248,                0.65398,                0.65266,                0.35812,                 1.5069,                 1.5681,                 1.6385,             0.00067866,             0.00067866,             0.00067866
                     17,                 1.1198,                  1.176,                 1.3242,                0.65516,                0.65092,                0.68819,                 0.4102,                 1.4348,                 1.4514,                  1.598,              0.0006763,              0.0006763,              0.0006763
                     18,                 1.0956,                 1.1719,                 1.3298,                0.67561,                0.63683,                0.66523,                0.36918,                 1.5208,                  1.485,                 1.6815,             0.00067394,             0.00067394,             0.00067394
                     19,                 1.0897,                 1.1555,                 1.3136,                0.66846,                0.62393,                0.66018,                0.37323,                 1.5192,                 1.4985,                 1.7126,             0.00067159,             0.00067159,             0.00067159
                     20,                 1.0823,                 1.1285,                 1.3143,                0.73904,                0.65635,                0.69988,                0.42099,                 1.4456,                 1.4178,                 1.6482,             0.00066923,             0.00066923,             0.00066923
                     21,                 1.0632,                    1.1,                 1.2905,                0.69335,                0.71667,                0.72936,                0.42312,                 1.4792,                 1.4318,                 1.6894,             0.00066688,             0.00066688,             0.00066688
                     22,                 1.0455,                 1.0815,                 1.2891,                0.70802,                0.63924,                0.72714,                0.39851,                 1.4889,                 1.3799,                 1.6589,             0.00066452,             0.00066452,             0.00066452
                     23,                 1.0259,                 1.0453,                 1.2756,                0.66402,                0.64733,                0.68767,                0.39502,                 1.4907,                 1.4135,                 1.6646,             0.00066216,             0.00066216,             0.00066216
                     24,                  1.026,                 1.0257,                 1.2684,                0.65173,                0.69891,                 0.7127,                0.40029,                 1.4688,                  1.406,                 1.6375,             0.00065981,             0.00065981,             0.00065981
                     25,                 1.0193,                 1.0018,                 1.2701,                0.73823,                0.65614,                0.72337,                0.43052,                 1.4879,                 1.3484,                 1.6753,             0.00065745,             0.00065745,             0.00065745
                     26,                0.99875,                0.98028,                  1.256,                0.69148,                0.65424,                0.69623,                0.37755,                 1.5816,                 1.3546,                 1.7255,             0.00065509,             0.00065509,             0.00065509
                     27,                0.99716,                 0.9715,                 1.2337,                0.80844,                0.65993,                0.75476,                0.42785,                 1.4828,                 1.3744,                 1.6701,             0.00065274,             0.00065274,             0.00065274
                     28,                0.98836,                0.97804,                 1.2572,                 0.6738,                0.69318,                0.69716,                0.41712,                  1.435,                 1.4259,                 1.6345,             0.00065038,             0.00065038,             0.00065038
                     29,                0.96575,                0.91622,                 1.2175,                0.79954,                0.63967,                0.72901,                0.42811,                 1.4741,                  1.321,                 1.6885,             0.00064803,             0.00064803,             0.00064803
                     30,                0.96155,                0.93337,                 1.2303,                0.68035,                0.66552,                0.69621,                0.40071,                 1.4915,                 1.4435,                 1.6888,             0.00064567,             0.00064567,             0.00064567
                     31,                0.95039,                0.91509,                 1.2256,                0.71672,                0.70507,                0.70784,                0.40217,                 1.4588,                 1.3425,                 1.6482,             0.00064331,             0.00064331,             0.00064331
                     32,                0.95261,                0.91087,                 1.2233,                0.75876,                0.61254,                0.68967,                0.38345,                 1.5315,                 1.4413,                 1.7548,             0.00064096,             0.00064096,             0.00064096
                     33,                 0.9525,                0.89284,                 1.2094,                0.68126,                0.72278,                0.71305,                0.41533,                 1.5071,                 1.3727,                 1.6997,              0.0006386,              0.0006386,              0.0006386
                     34,                 0.9243,                0.87558,                 1.2021,                0.79059,                0.68824,                 0.7596,                0.42855,                  1.471,                 1.3294,                 1.6822,             0.00063625,             0.00063625,             0.00063625
                     35,                0.92063,                0.87722,                 1.1994,                0.65686,                 0.7225,                0.72712,                0.43367,                 1.4474,                 1.3458,                 1.6361,             0.00063389,             0.00063389,             0.00063389
                     36,                0.90792,                0.84828,                 1.1898,                0.72452,                0.65242,                0.70012,                 0.4112,                 1.4752,                 1.3786,                 1.6744,             0.00063153,             0.00063153,             0.00063153
                     37,                0.92502,                0.85513,                  1.194,                0.73245,                0.66084,                0.73904,                0.43625,                 1.5006,                 1.3917,                 1.6944,             0.00062918,             0.00062918,             0.00062918
                     38,                0.91842,                0.83642,                 1.1896,                0.71421,                0.64908,                0.70146,                0.40865,                 1.4858,                 1.3442,                 1.6888,             0.00062682,             0.00062682,             0.00062682
                     39,                0.87084,                 0.8215,                 1.1701,                0.77621,                0.64579,                0.73157,                0.42964,                 1.4267,                 1.3268,                 1.6517,             0.00062446,             0.00062446,             0.00062446
                     40,                0.87191,                0.77999,                  1.161,                0.72887,                0.67792,                0.70058,                0.38792,                 1.5078,                 1.3206,                 1.7112,             0.00062211,             0.00062211,             0.00062211
                     41,                0.87529,                0.79375,                 1.1685,                0.77732,                0.72949,                0.76078,                0.44789,                 1.4751,                  1.377,                 1.6656,             0.00061975,             0.00061975,             0.00061975
                     42,                0.86056,                0.78845,                 1.1584,                0.76865,                0.69029,                 0.7332,                0.44045,                 1.4608,                 1.3934,                  1.683,              0.0006174,              0.0006174,              0.0006174
                     43,                0.86729,                0.79121,                 1.1703,                0.75603,                0.73908,                0.78166,                0.45828,                 1.4686,                 1.2318,                 1.6583,             0.00061504,             0.00061504,             0.00061504
                     44,                0.85283,                0.79183,                 1.1535,                0.74229,                  0.712,                0.72714,                0.42066,                 1.5124,                 1.4204,                 1.7074,             0.00061268,             0.00061268,             0.00061268
                     45,                0.85549,                0.78077,                 1.1614,                0.68822,                 0.6932,                 0.6987,                0.41885,                 1.4374,                 1.3311,                  1.639,             0.00061033,             0.00061033,             0.00061033
                     46,                0.82986,                0.75148,                 1.1358,                0.72239,                0.66503,                0.72093,                0.42501,                 1.5098,                 1.3914,                 1.6782,             0.00060797,             0.00060797,             0.00060797
                     47,                 0.8359,                0.77094,                 1.1505,                0.78994,                0.69456,                0.72841,                0.39567,                  1.514,                 1.3082,                  1.704,             0.00060561,             0.00060561,             0.00060561
                     48,                0.82238,                0.73988,                 1.1379,                0.75905,                0.67567,                0.73663,                0.42001,                 1.4928,                 1.2678,                 1.6942,             0.00060326,             0.00060326,             0.00060326
                     49,                0.83575,                0.75974,                 1.1415,                0.83249,                0.71741,                0.77746,                0.45423,                 1.4424,                 1.1689,                 1.6696,              0.0006009,              0.0006009,              0.0006009
                     50,                0.81163,                0.72983,                 1.1299,                0.78848,                0.67227,                 0.7387,                0.44313,                 1.4729,                 1.3242,                 1.6655,             0.00059855,             0.00059855,             0.00059855
                     51,                0.81624,                0.73312,                 1.1412,                0.76117,                0.64785,                0.72392,                0.40564,                 1.5917,                 1.3167,                 1.7608,             0.00059619,             0.00059619,             0.00059619
                     52,                0.79617,                0.70209,                 1.1151,                0.81627,                0.63041,                0.74099,                 0.4274,                 1.5081,                 1.2191,                 1.7486,             0.00059383,             0.00059383,             0.00059383
                     53,                0.79563,                0.70017,                 1.1143,                0.73033,                0.69192,                0.72456,                0.41594,                 1.5234,                 1.3154,                 1.7531,             0.00059148,             0.00059148,             0.00059148
                     54,                0.80114,                0.72886,                 1.1268,                0.75027,                0.70001,                0.70964,                0.41153,                 1.5321,                 1.3121,                 1.7237,             0.00058912,             0.00058912,             0.00058912
                     55,                0.80233,                0.70508,                 1.1205,                0.81643,                 0.6186,                0.72722,                0.42283,                  1.497,                 1.3527,                 1.7166,             0.00058677,             0.00058677,             0.00058677
                     56,                0.79989,                0.69259,                 1.1168,                0.76834,                 0.6778,                0.72218,                0.41727,                 1.4577,                  1.397,                 1.6806,             0.00058441,             0.00058441,             0.00058441
                     57,                0.79346,                0.69679,                 1.1201,                0.72454,                0.72142,                 0.7508,                0.44454,                 1.4609,                 1.2257,                 1.6617,             0.00058205,             0.00058205,             0.00058205
                     58,                0.77507,                0.68486,                 1.1063,                0.77592,                0.68998,                0.75143,                0.44395,                 1.4523,                 1.2328,                 1.6733,              0.0005797,              0.0005797,              0.0005797
                     59,                0.77054,                0.67125,                 1.1025,                0.76451,                0.67875,                0.73371,                0.43635,                 1.4596,                  1.299,                 1.6892,             0.00057734,             0.00057734,             0.00057734
                     60,                0.76593,                0.67883,                 1.1029,                0.77771,                0.65566,                0.70682,                0.43404,                 1.4536,                 1.4034,                 1.6747,             0.00057498,             0.00057498,             0.00057498
                     61,                0.77253,                0.70381,                 1.1134,                0.79841,                0.71064,                0.75272,                0.44741,                 1.4469,                 1.2123,                 1.7065,             0.00057263,             0.00057263,             0.00057263
                     62,                0.77856,                0.69631,                 1.1098,                0.74357,                 0.6463,                0.71164,                 0.4094,                 1.5386,                 1.3796,                 1.7729,             0.00057027,             0.00057027,             0.00057027
                     63,                0.76716,                 0.6768,                 1.0975,                 0.7382,                0.70457,                0.73601,                0.44443,                 1.4537,                 1.2705,                 1.6775,             0.00056792,             0.00056792,             0.00056792
                     64,                0.76095,                0.66092,                 1.0975,                0.77341,                0.72301,                0.78208,                0.45705,                 1.5084,                 1.2947,                 1.7058,             0.00056556,             0.00056556,             0.00056556
                     65,                  0.752,                0.65645,                 1.0963,                0.81882,                 0.6674,                0.77543,                0.45222,                 1.4631,                 1.2359,                  1.696,              0.0005632,              0.0005632,              0.0005632
                     66,                0.73535,                0.65123,                 1.0921,                 0.7142,                0.72403,                0.73315,                0.42452,                 1.4968,                 1.3377,                 1.7643,             0.00056085,             0.00056085,             0.00056085
                     67,                0.74924,                0.63957,                 1.0852,                 0.7186,                0.72304,                0.72587,                 0.4227,                 1.4425,                  1.303,                 1.6751,             0.00055849,             0.00055849,             0.00055849
                     68,                 0.7421,                0.63502,                 1.0906,                0.84424,                0.64368,                0.76221,                0.44454,                 1.4956,                 1.2354,                 1.7265,             0.00055613,             0.00055613,             0.00055613
                     69,                0.73665,                 0.6478,                  1.084,                0.73381,                 0.7297,                0.75501,                0.44046,                 1.5029,                 1.2978,                 1.7589,             0.00055378,             0.00055378,             0.00055378
                     70,                0.72458,                0.62985,                 1.0764,                 0.7579,                0.68139,                0.74351,                0.43401,                 1.4901,                 1.3148,                 1.7265,             0.00055142,             0.00055142,             0.00055142
                     71,                 0.7217,                0.63755,                 1.0817,                 0.7608,                0.68239,                0.74791,                 0.4297,                 1.4902,                 1.4183,                  1.747,             0.00054907,             0.00054907,             0.00054907
                     72,                0.72168,                0.63498,                 1.0816,                 0.7814,                0.69361,                0.75342,                0.42675,                 1.5271,                 1.3536,                 1.7817,             0.00054671,             0.00054671,             0.00054671
                     73,                0.71788,                0.62441,                 1.0752,                0.71118,                 0.7431,                0.75366,                 0.4295,                 1.5087,                 1.3315,                 1.7731,             0.00054435,             0.00054435,             0.00054435
                     74,                0.69941,                0.60594,                 1.0648,                 0.8101,                0.65552,                0.72028,                0.40628,                 1.4897,                 1.4012,                 1.7349,               0.000542,               0.000542,               0.000542
                     75,                0.70507,                0.60294,                 1.0678,                0.75959,                 0.6589,                0.71575,                0.42773,                 1.4872,                 1.3824,                 1.7448,             0.00053964,             0.00053964,             0.00053964
                     76,                 0.7178,                0.62202,                  1.076,                 0.7824,                0.68161,                0.71518,                0.42847,                 1.4827,                 1.3087,                 1.7086,             0.00053728,             0.00053728,             0.00053728
                     77,                0.69923,                0.59914,                  1.066,                0.75973,                0.71353,                0.73975,                0.41431,                 1.5447,                  1.359,                  1.797,             0.00053493,             0.00053493,             0.00053493
                     78,                0.70807,                0.59338,                  1.063,                0.76422,                0.73511,                0.76226,                0.44901,                 1.4875,                 1.2395,                 1.7531,             0.00053257,             0.00053257,             0.00053257
                     79,                0.69431,                0.59001,                 1.0585,                0.78345,                0.67995,                0.73191,                0.44704,                 1.4518,                  1.366,                 1.6682,             0.00053022,             0.00053022,             0.00053022
                     80,                0.69967,                 0.6049,                 1.0653,                0.79391,                0.68169,                0.73364,                0.43782,                 1.4849,                 1.3288,                 1.7305,             0.00052786,             0.00052786,             0.00052786
                     81,                0.68671,                0.57701,                 1.0531,                0.79061,                0.66599,                0.74365,                0.43807,                 1.4865,                 1.2753,                 1.7317,              0.0005255,              0.0005255,              0.0005255
                     82,                 0.6773,                0.58322,                  1.059,                0.74683,                0.74768,                0.74203,                0.43841,                 1.4825,                 1.3005,                 1.7115,             0.00052315,             0.00052315,             0.00052315
                     83,                0.69015,                0.60071,                 1.0632,                0.79886,                0.69995,                0.78133,                0.45582,                 1.4747,                 1.2638,                 1.7598,             0.00052079,             0.00052079,             0.00052079
                     84,                0.69381,                0.58544,                 1.0597,                0.76922,                0.68238,                0.73295,                0.44208,                 1.4792,                  1.262,                 1.7542,             0.00051844,             0.00051844,             0.00051844
                     85,                0.69147,                0.58456,                 1.0595,                 0.7418,                0.72492,                0.73464,                0.43785,                 1.4596,                 1.3239,                 1.7077,             0.00051608,             0.00051608,             0.00051608
                     86,                0.68053,                0.59061,                 1.0557,                0.76584,                0.71718,                0.76712,                0.46276,                 1.4061,                 1.3172,                 1.6742,             0.00051372,             0.00051372,             0.00051372
                     87,                0.66008,                0.55414,                 1.0426,                0.77198,                 0.6756,                0.71519,                 0.4407,                 1.4554,                 1.4022,                 1.7107,             0.00051137,             0.00051137,             0.00051137
                     88,                0.65637,                0.55687,                 1.0304,                0.75063,                0.66129,                0.74537,                 0.4426,                 1.4932,                 1.3628,                  1.766,             0.00050901,             0.00050901,             0.00050901
                     89,                0.67078,                0.56048,                 1.0444,                0.77961,                  0.708,                0.75788,                 0.4473,                 1.4774,                  1.264,                 1.7604,             0.00050665,             0.00050665,             0.00050665
                     90,                0.65977,                 0.5755,                 1.0447,                0.78796,                0.72465,                0.75853,                0.44653,                 1.4765,                 1.2265,                 1.7365,              0.0005043,              0.0005043,              0.0005043
                     91,                0.64516,                0.55758,                 1.0426,                0.79658,                0.64298,                0.73894,                0.44337,                 1.4854,                 1.2826,                 1.7852,             0.00050194,             0.00050194,             0.00050194
                     92,                 0.6542,                0.54998,                 1.0381,                0.80016,                0.72509,                0.76441,                0.45647,                 1.4854,                 1.2778,                 1.7656,             0.00049959,             0.00049959,             0.00049959
                     93,                 0.6545,                0.55818,                 1.0469,                 0.7318,                0.75414,                0.75952,                0.44872,                 1.4915,                 1.2504,                 1.7766,             0.00049723,             0.00049723,             0.00049723
                     94,                0.64848,                0.55137,                 1.0365,                0.79412,                0.69163,                 0.7494,                0.44518,                 1.4621,                 1.2742,                 1.7517,             0.00049487,             0.00049487,             0.00049487
                     95,                0.66624,                0.55721,                 1.0424,                 0.8276,                0.68162,                0.77015,                0.45277,                 1.4737,                 1.2462,                 1.7552,             0.00049252,             0.00049252,             0.00049252
                     96,                0.66144,                0.54608,                 1.0343,                0.78296,                0.71366,                0.76389,                0.43932,                 1.4817,                 1.2771,                 1.7572,             0.00049016,             0.00049016,             0.00049016
                     97,                0.66018,                0.55348,                 1.0459,                 0.8146,                0.67825,                0.74905,                0.45209,                 1.4542,                 1.3076,                 1.7504,              0.0004878,              0.0004878,              0.0004878
                     98,                0.64212,                0.54219,                 1.0305,                0.76674,                0.71194,                0.74745,                0.43493,                 1.4893,                 1.3704,                 1.7943,             0.00048545,             0.00048545,             0.00048545
                     99,                0.64226,                0.53474,                 1.0377,                0.85824,                0.68677,                0.76207,                0.45702,                 1.4766,                 1.2588,                 1.7796,             0.00048309,             0.00048309,             0.00048309
                    100,                0.65371,                0.55083,                 1.0405,                0.80957,                0.69774,                0.75981,                0.43902,                 1.5212,                 1.2433,                 1.8008,             0.00048074,             0.00048074,             0.00048074
                    101,                0.64234,                0.53553,                 1.0339,                0.81145,                0.67227,                 0.7494,                0.43767,                 1.4708,                 1.3716,                 1.7552,             0.00047838,             0.00047838,             0.00047838
                    102,                0.64239,                0.54175,                 1.0318,                0.78111,                0.71693,                0.75299,                0.44468,                 1.4846,                 1.3256,                 1.7373,             0.00047602,             0.00047602,             0.00047602
                    103,                0.63813,                0.53138,                 1.0304,                0.81127,                0.71725,                0.75616,                0.44279,                 1.4544,                 1.2688,                 1.7273,             0.00047367,             0.00047367,             0.00047367
                    104,                0.63626,                 0.5331,                 1.0256,                0.79469,                0.67422,                0.72942,                 0.4322,                 1.4918,                 1.3238,                 1.7748,             0.00047131,             0.00047131,             0.00047131
                    105,                0.62639,                0.52849,                 1.0249,                0.80017,                0.73485,                0.77181,                0.46113,                 1.4838,                 1.2373,                 1.7715,             0.00046896,             0.00046896,             0.00046896
                    106,                0.61932,                0.51609,                 1.0143,                  0.826,                0.69213,                0.75728,                0.43539,                 1.5423,                 1.3257,                 1.8361,              0.0004666,              0.0004666,              0.0004666
                    107,                0.62449,                 0.5307,                 1.0253,                0.80219,                0.68416,                0.75345,                0.44999,                 1.4763,                 1.2205,                 1.7699,             0.00046424,             0.00046424,             0.00046424
                    108,                0.62082,                0.53066,                  1.026,                0.78749,                0.73819,                0.77191,                0.46592,                 1.4734,                 1.2412,                 1.7876,             0.00046189,             0.00046189,             0.00046189
                    109,                0.62365,                0.53232,                 1.0332,                0.75309,                0.69365,                0.73513,                0.44805,                 1.4922,                 1.3432,                  1.802,             0.00045953,             0.00045953,             0.00045953
                    110,                0.60869,                0.51607,                 1.0271,                0.79502,                0.72171,                0.76817,                0.45824,                 1.4504,                 1.3113,                 1.7742,             0.00045717,             0.00045717,             0.00045717
                    111,                0.61711,                0.51202,                 1.0184,                0.79479,                0.66992,                0.74015,                0.42755,                 1.4887,                 1.4217,                 1.7687,             0.00045482,             0.00045482,             0.00045482
                    112,                0.61426,                0.52272,                 1.0203,                0.84099,                0.67735,                0.76723,                0.45082,                 1.4743,                 1.2261,                 1.7486,             0.00045246,             0.00045246,             0.00045246
                    113,                0.60837,                0.50743,                 1.0155,                0.80267,                0.67725,                0.75646,                0.45345,                  1.482,                 1.3501,                 1.7411,             0.00045011,             0.00045011,             0.00045011
                    114,                0.60111,                0.50582,                  1.009,                0.77054,                0.74028,                0.76326,                0.46369,                 1.4579,                 1.2262,                  1.762,             0.00044775,             0.00044775,             0.00044775
                    115,                0.58829,                0.48453,                0.99503,                0.77516,                0.69925,                0.75253,                0.44299,                 1.4778,                 1.3702,                  1.786,             0.00044539,             0.00044539,             0.00044539
                    116,                0.60188,                0.49692,                 1.0124,                0.77191,                0.72421,                0.75155,                0.45318,                   1.47,                 1.3295,                  1.764,             0.00044304,             0.00044304,             0.00044304
                    117,                0.59814,                0.49552,                 1.0018,                0.77742,                0.69254,                  0.746,                0.43818,                 1.4697,                 1.3133,                 1.7537,             0.00044068,             0.00044068,             0.00044068
                    118,                0.60929,                0.51003,                 1.0093,                 0.8042,                0.67326,                0.73049,                0.44184,                 1.5035,                  1.391,                 1.7998,             0.00043832,             0.00043832,             0.00043832
                    119,                0.58967,                0.50362,                 1.0055,                0.80167,                0.67938,                0.74842,                0.44469,                   1.49,                 1.2947,                 1.7543,             0.00043597,             0.00043597,             0.00043597
                    120,                0.59586,                 0.5101,                 1.0098,                0.77268,                0.74133,                 0.7713,                0.46052,                 1.4499,                 1.3093,                 1.7232,             0.00043361,             0.00043361,             0.00043361
                    121,                0.58298,                0.48078,                 1.0044,                 0.8262,                0.70549,                0.78034,                0.46691,                 1.4541,                 1.2028,                 1.7313,             0.00043126,             0.00043126,             0.00043126
                    122,                0.58847,                0.50221,                 1.0117,                0.82907,                0.69152,                0.76631,                0.47399,                 1.4429,                 1.2061,                 1.7487,              0.0004289,              0.0004289,              0.0004289
                    123,                0.58792,                0.49244,                 1.0112,                0.81436,                0.70678,                0.76001,                0.45808,                 1.4647,                  1.368,                 1.7648,             0.00042654,             0.00042654,             0.00042654
                    124,                0.59065,                0.50143,                 1.0076,                0.84206,                0.67751,                0.77285,                0.46755,                 1.4275,                 1.2364,                 1.7511,             0.00042419,             0.00042419,             0.00042419
                    125,                0.59572,                 0.4937,                 1.0071,                0.78717,                0.67867,                0.74494,                 0.4488,                 1.4583,                 1.3168,                 1.7805,             0.00042183,             0.00042183,             0.00042183
                    126,                0.57726,                0.47351,                0.99666,                0.77408,                0.73133,                0.74791,                 0.4469,                 1.4472,                 1.3836,                 1.7571,             0.00041947,             0.00041947,             0.00041947
                    127,                0.57933,                0.47808,                0.99793,                0.81648,                0.68996,                0.75426,                0.45761,                 1.4328,                 1.2664,                 1.7289,             0.00041712,             0.00041712,             0.00041712
                    128,                0.57437,                0.48578,                  1.003,                 0.7737,                0.70954,                0.74287,                0.44109,                 1.4769,                 1.3875,                 1.7659,             0.00041476,             0.00041476,             0.00041476
                    129,                0.58504,                0.48308,                 1.0074,                0.79115,                0.68052,                0.73245,                0.44511,                  1.476,                 1.3319,                 1.7613,             0.00041241,             0.00041241,             0.00041241
                    130,                0.58454,                0.48047,                0.99989,                0.78448,                 0.6823,                0.71913,                 0.4308,                 1.4704,                 1.3612,                 1.7911,             0.00041005,             0.00041005,             0.00041005
                    131,                0.57137,                 0.4768,                0.99491,                 0.7854,                0.70554,                0.73394,                0.44546,                 1.4559,                 1.3414,                 1.7653,             0.00040769,             0.00040769,             0.00040769
                    132,                0.58206,                0.49257,                 1.0011,                0.80988,                0.69182,                0.74623,                0.46616,                 1.4516,                 1.3007,                 1.7165,             0.00040534,             0.00040534,             0.00040534
                    133,                0.57561,                 0.4761,                 1.0032,                 0.7954,                0.71089,                0.74644,                0.45155,                 1.4297,                 1.3774,                 1.7118,             0.00040298,             0.00040298,             0.00040298
                    134,                0.57867,                0.47461,                0.99882,                0.79309,                 0.7017,                0.73522,                0.44689,                 1.5167,                 1.3978,                 1.7877,             0.00040063,             0.00040063,             0.00040063
                    135,                0.57566,                0.47377,                0.99978,                0.82388,                0.72323,                0.75564,                0.45595,                 1.4523,                 1.2767,                 1.7628,             0.00039827,             0.00039827,             0.00039827
                    136,                0.56984,                0.47171,                0.99064,                0.84314,                0.65772,                 0.7532,                0.44674,                 1.4656,                 1.3193,                 1.7633,             0.00039591,             0.00039591,             0.00039591
                    137,                0.54258,                0.45146,                0.97654,                0.78343,                0.67893,                0.74727,                0.44527,                 1.4793,                 1.3955,                 1.7933,             0.00039356,             0.00039356,             0.00039356
                    138,                0.55349,                0.45791,                0.99169,                0.78887,                 0.6885,                0.76141,                0.43973,                 1.5146,                 1.3621,                 1.8194,              0.0003912,              0.0003912,              0.0003912
                    139,                0.56034,                0.46722,                0.99482,                0.79881,                0.70539,                0.76906,                0.46721,                 1.4665,                 1.2721,                 1.7626,             0.00038884,             0.00038884,             0.00038884
                    140,                 0.5515,                0.46381,                0.98923,                0.83659,                0.69675,                0.76952,                0.46113,                 1.4793,                 1.3892,                 1.7613,             0.00038649,             0.00038649,             0.00038649
                    141,                0.55199,                0.46022,                0.98751,                0.80228,                0.71792,                0.76661,                0.47205,                 1.4402,                 1.3511,                 1.7159,             0.00038413,             0.00038413,             0.00038413
                    142,                0.54537,                0.46304,                0.99172,                0.82521,                0.70055,                 0.7654,                0.46861,                 1.4385,                 1.4145,                 1.7347,             0.00038178,             0.00038178,             0.00038178
                    143,                0.54921,                0.45434,                0.97827,                 0.8101,                0.63253,                0.72903,                0.45151,                 1.4956,                 1.5683,                 1.7622,             0.00037942,             0.00037942,             0.00037942
                    144,                0.55028,                0.46047,                0.98838,                0.79916,                0.70574,                0.75728,                0.47165,                 1.4629,                 1.2934,                  1.781,             0.00037706,             0.00037706,             0.00037706
                    145,                0.53747,                  0.442,                0.97923,                0.78786,                0.73713,                0.76093,                0.46047,                 1.4797,                  1.254,                 1.7824,             0.00037471,             0.00037471,             0.00037471
                    146,                0.54498,                0.44401,                0.98447,                0.72449,                0.73721,                0.75798,                0.46541,                 1.4227,                  1.265,                 1.7178,             0.00037235,             0.00037235,             0.00037235
                    147,                0.53892,                0.44837,                0.97843,                0.76381,                0.69519,                0.74743,                0.45455,                 1.4949,                 1.3585,                 1.7939,             0.00036999,             0.00036999,             0.00036999
                    148,                0.54467,                0.44141,                0.98919,                0.75959,                0.69756,                0.75428,                 0.4542,                 1.4857,                 1.4764,                 1.7688,             0.00036764,             0.00036764,             0.00036764
                    149,                0.54282,                 0.4435,                0.98258,                0.72579,                0.70541,                0.75114,                0.45906,                 1.4601,                 1.4607,                 1.7349,             0.00036528,             0.00036528,             0.00036528
                    150,                0.55303,                0.45272,                0.98887,                0.76524,                0.68953,                0.74558,                0.45163,                 1.4814,                  1.404,                 1.7672,             0.00036293,             0.00036293,             0.00036293
                    151,                 0.5324,                0.43585,                 0.9827,                0.77485,                0.72389,                0.77022,                0.46435,                  1.444,                 1.2398,                  1.744,             0.00036057,             0.00036057,             0.00036057
                    152,                0.53773,                0.43003,                0.98099,                0.79431,                0.71723,                0.76538,                0.46361,                 1.4707,                 1.2871,                 1.7694,             0.00035821,             0.00035821,             0.00035821
                    153,                0.53417,                0.45151,                0.97809,                0.75449,                0.71758,                0.73778,                0.44836,                 1.4952,                  1.435,                 1.8007,             0.00035586,             0.00035586,             0.00035586
                    154,                0.54382,                0.45588,                0.98791,                0.84292,                0.67619,                0.76476,                0.45746,                 1.5104,                 1.3779,                 1.8139,              0.0003535,              0.0003535,              0.0003535
                    155,                0.52841,                0.43019,                0.97405,                0.79203,                0.72872,                0.78428,                0.46857,                 1.4694,                 1.3298,                 1.8165,             0.00035115,             0.00035115,             0.00035115
                    156,                0.52883,                0.43595,                0.97663,                0.82438,                0.68709,                0.77373,                0.46844,                  1.453,                 1.2752,                 1.7743,             0.00034879,             0.00034879,             0.00034879
                    157,                0.52545,                0.42802,                0.96827,                0.78885,                0.74705,                0.77303,                0.46455,                 1.4527,                 1.3356,                 1.7655,             0.00034643,             0.00034643,             0.00034643
                    158,                0.52339,                0.42955,                0.96744,                0.80648,                0.71865,                0.78001,                0.46849,                 1.4619,                 1.2965,                 1.7592,             0.00034408,             0.00034408,             0.00034408
                    159,                0.53106,                0.43263,                0.97871,                0.76048,                0.73063,                0.76928,                0.48003,                 1.4531,                 1.4027,                 1.7465,             0.00034172,             0.00034172,             0.00034172
                    160,                0.52364,                0.42819,                0.97718,                0.76163,                0.73967,                0.76204,                0.46264,                 1.4613,                  1.384,                  1.755,             0.00033936,             0.00033936,             0.00033936
                    161,                0.52009,                0.43018,                0.97322,                0.84674,                 0.6783,                0.75997,                0.47301,                 1.4879,                 1.3704,                 1.7997,             0.00033701,             0.00033701,             0.00033701
                    162,                0.52784,                0.43414,                0.97482,                0.82253,                0.67735,                0.74826,                0.44509,                 1.4915,                 1.4447,                 1.7843,             0.00033465,             0.00033465,             0.00033465
                    163,                0.51264,                0.42339,                0.96767,                0.80314,                0.68644,                0.73865,                0.45531,                 1.4689,                 1.4114,                  1.778,              0.0003323,              0.0003323,              0.0003323
                    164,                0.52701,                0.42488,                0.97245,                0.80552,                0.65946,                0.72829,                0.44684,                 1.4444,                 1.4402,                 1.7833,             0.00032994,             0.00032994,             0.00032994
                    165,                0.50572,                0.41739,                0.97119,                0.82664,                0.65963,                0.75745,                0.46642,                 1.4483,                 1.4595,                 1.7685,             0.00032758,             0.00032758,             0.00032758
                    166,                0.51283,                0.40944,                0.96625,                0.81574,                0.68367,                0.75184,                0.46146,                  1.449,                 1.3287,                 1.7942,             0.00032523,             0.00032523,             0.00032523
                    167,                0.51668,                0.41969,                0.97413,                0.72075,                0.72596,                0.73591,                0.45325,                 1.4617,                 1.4035,                 1.7727,             0.00032287,             0.00032287,             0.00032287
                    168,                0.50465,                0.41022,                0.96453,                0.75906,                0.68969,                0.75296,                0.47092,                 1.4373,                 1.3867,                 1.7553,             0.00032051,             0.00032051,             0.00032051
                    169,                 0.4926,                0.40719,                0.95928,                0.76238,                0.69098,                0.74619,                0.45366,                 1.4415,                 1.4413,                 1.7583,             0.00031816,             0.00031816,             0.00031816
                    170,                0.51154,                0.41916,                0.96425,                0.76295,                0.68015,                0.72683,                0.45302,                   1.43,                 1.4371,                 1.7943,              0.0003158,              0.0003158,              0.0003158
                    171,                0.50773,                0.42122,                0.96685,                0.75965,                0.71006,                0.73496,                0.43965,                 1.4673,                 1.4665,                 1.8091,             0.00031345,             0.00031345,             0.00031345
                    172,                0.49596,                0.40467,                0.95136,                0.84191,                0.66004,                0.74657,                0.45013,                 1.4423,                 1.4594,                 1.7677,             0.00031109,             0.00031109,             0.00031109
                    173,                 0.4962,                0.41372,                 0.9572,                0.78216,                0.72911,                0.75923,                0.46323,                 1.4453,                  1.414,                 1.7786,             0.00030873,             0.00030873,             0.00030873
                    174,                0.50841,                0.40477,                0.96275,                0.75945,                0.72338,                0.74662,                0.45277,                 1.4563,                 1.3645,                 1.7752,             0.00030638,             0.00030638,             0.00030638
                    175,                0.50484,                0.40758,                0.96329,                0.81502,                0.68744,                0.75468,                0.46106,                 1.4329,                 1.3607,                 1.7499,             0.00030402,             0.00030402,             0.00030402
                    176,                0.48464,                0.40208,                0.95656,                0.77262,                0.72613,                0.77213,                0.46621,                 1.4548,                 1.2649,                 1.7684,             0.00030167,             0.00030167,             0.00030167
                    177,                0.48954,                0.39841,                0.95464,                0.73896,                0.73184,                0.76644,                0.46763,                  1.446,                 1.3443,                  1.763,             0.00029931,             0.00029931,             0.00029931
                    178,                0.50129,                0.39864,                0.96196,                0.81136,                0.65039,                0.75131,                0.46304,                 1.4415,                 1.3675,                  1.736,             0.00029695,             0.00029695,             0.00029695
                    179,                0.50348,                0.42099,                0.96505,                0.81236,                0.66369,                0.75982,                0.46523,                 1.4642,                 1.4039,                 1.7694,              0.0002946,              0.0002946,              0.0002946
                    180,                 0.4901,                 0.4002,                0.96152,                0.80323,                0.68527,                0.76663,                0.45974,                 1.4814,                 1.3837,                 1.8127,             0.00029224,             0.00029224,             0.00029224
                    181,                0.49263,                0.41081,                0.96189,                 0.7518,                0.73142,                0.76668,                 0.4597,                 1.4896,                 1.4327,                 1.8396,             0.00028988,             0.00028988,             0.00028988
                    182,                0.48275,                0.40189,                0.96091,                0.73778,                0.72634,                  0.758,                0.46134,                 1.4626,                 1.3528,                 1.8086,             0.00028753,             0.00028753,             0.00028753
                    183,                 0.4968,                0.40806,                0.95834,                0.78462,                0.70395,                0.77079,                0.46091,                 1.4569,                 1.3404,                 1.8063,             0.00028517,             0.00028517,             0.00028517
                    184,                0.48788,                0.39532,                0.96117,                0.82282,                0.71282,                0.76653,                0.46024,                 1.4757,                 1.4282,                 1.8254,             0.00028282,             0.00028282,             0.00028282
                    185,                0.49248,                0.40604,                0.96451,                0.81006,                0.70884,                0.76396,                0.46158,                 1.4719,                 1.4153,                 1.8153,             0.00028046,             0.00028046,             0.00028046
                    186,                0.48976,                0.39923,                0.96003,                0.82852,                0.67021,                0.76499,                0.46261,                 1.4665,                 1.3583,                 1.8093,              0.0002781,              0.0002781,              0.0002781
                    187,                0.48804,                0.38618,                0.95032,                0.73953,                0.73615,                0.76735,                0.46049,                  1.465,                 1.4042,                  1.799,             0.00027575,             0.00027575,             0.00027575
                    188,                0.47379,                0.39818,                0.95007,                0.80038,                0.69728,                0.76952,                0.46281,                 1.4574,                 1.3243,                 1.7805,             0.00027339,             0.00027339,             0.00027339
                    189,                0.47787,                0.39974,                0.95568,                0.78046,                 0.7126,                0.77012,                0.46476,                  1.478,                 1.3551,                 1.8209,             0.00027103,             0.00027103,             0.00027103
                    190,                0.47254,                0.38736,                0.94573,                0.78713,                0.72055,                0.75586,                0.47608,                 1.4656,                 1.4191,                 1.8023,             0.00026868,             0.00026868,             0.00026868
                    191,                0.47057,                0.39213,                0.95113,                0.77172,                0.72185,                0.75364,                0.45492,                 1.4688,                 1.3791,                 1.8273,             0.00026632,             0.00026632,             0.00026632
                    192,                0.48347,                0.39631,                0.95524,                0.76514,                0.73566,                0.75555,                0.45377,                 1.4636,                 1.3413,                 1.8339,             0.00026397,             0.00026397,             0.00026397
                    193,                0.47581,                0.38345,                0.95174,                0.79945,                0.71308,                0.76786,                0.46272,                 1.4736,                 1.3937,                 1.8313,             0.00026161,             0.00026161,             0.00026161
                    194,                0.47371,                0.39282,                0.94402,                0.76544,                0.73246,                0.76697,                0.47258,                 1.4693,                 1.3791,                 1.8157,             0.00025925,             0.00025925,             0.00025925
                    195,                0.47144,                0.38774,                0.94841,                0.75053,                0.73415,                0.76867,                0.46746,                 1.4769,                 1.3602,                  1.834,              0.0002569,              0.0002569,              0.0002569
                    196,                0.46538,                0.38829,                0.94725,                0.78028,                0.73695,                0.76869,                0.47034,                 1.4453,                 1.3899,                 1.8072,             0.00025454,             0.00025454,             0.00025454
                    197,                 0.4633,                0.38003,                 0.9485,                 0.7826,                0.73014,                 0.7622,                0.46863,                 1.4587,                 1.3905,                 1.8174,             0.00025218,             0.00025218,             0.00025218
                    198,                0.46367,                0.37239,                0.94678,                0.78973,                0.72482,                0.77287,                0.46969,                 1.4664,                 1.3777,                 1.8182,             0.00024983,             0.00024983,             0.00024983
                    199,                0.46847,                0.38231,                0.95456,                0.75615,                0.73006,                0.75697,                0.44957,                 1.4593,                 1.3858,                 1.8003,             0.00024747,             0.00024747,             0.00024747
                    200,                 0.4657,                0.38994,                0.94512,                0.81704,                0.69643,                0.75635,                  0.449,                 1.4739,                 1.3899,                 1.8136,             0.00024512,             0.00024512,             0.00024512
                    201,                0.46743,                0.38921,                0.94417,                 0.7786,                0.72062,                0.76784,                0.46065,                 1.4522,                 1.3363,                 1.8099,             0.00024276,             0.00024276,             0.00024276
                    202,                0.46306,                 0.3752,                0.94767,                0.79154,                 0.6835,                0.75484,                0.45721,                 1.4646,                 1.3911,                 1.8058,              0.0002404,              0.0002404,              0.0002404
                    203,                0.46738,                0.38062,                0.94554,                0.73929,                 0.7324,                0.75655,                 0.4491,                 1.4651,                 1.4079,                 1.8179,             0.00023805,             0.00023805,             0.00023805
                    204,                0.46525,                 0.3696,                 0.9458,                0.74727,                0.70837,                 0.7613,                0.45381,                 1.4719,                 1.5095,                 1.8289,             0.00023569,             0.00023569,             0.00023569
                    205,                0.47115,                0.38064,                0.94476,                0.79393,                0.68958,                0.77358,                0.45828,                 1.4734,                 1.5025,                 1.8137,             0.00023334,             0.00023334,             0.00023334
                    206,                0.46113,                0.37669,                0.94516,                0.76333,                0.72491,                0.76681,                0.46874,                 1.4478,                 1.3861,                 1.7876,             0.00023098,             0.00023098,             0.00023098
                    207,                0.46176,                0.37566,                 0.9486,                0.80207,                 0.6844,                0.76255,                0.45774,                 1.4481,                 1.4184,                 1.7867,             0.00022862,             0.00022862,             0.00022862
                    208,                0.46636,                0.37747,                0.94849,                0.75609,                0.70741,                0.75484,                0.45779,                 1.4439,                 1.4654,                 1.7782,             0.00022627,             0.00022627,             0.00022627
                    209,                0.45755,                0.37283,                0.94308,                0.78369,                0.67001,                0.75748,                0.46349,                 1.4227,                 1.4991,                 1.7824,             0.00022391,             0.00022391,             0.00022391
                    210,                 0.4526,                0.36997,                0.94603,                0.81985,                0.64592,                0.76077,                 0.4619,                 1.4392,                 1.4264,                 1.7936,             0.00022155,             0.00022155,             0.00022155
                    211,                0.45966,                0.37249,                0.94709,                0.80783,                0.67827,                0.75259,                0.45813,                 1.4535,                 1.4821,                 1.8132,              0.0002192,              0.0002192,              0.0002192
                    212,                0.45248,                0.37052,                 0.9414,                0.79291,                0.68325,                0.74842,                0.45359,                 1.4576,                 1.5069,                 1.8121,             0.00021684,             0.00021684,             0.00021684
                    213,                0.45198,                0.36774,                0.94032,                 0.7945,                0.68254,                0.74912,                0.44626,                 1.4761,                 1.5114,                 1.8297,             0.00021449,             0.00021449,             0.00021449
                    214,                0.44913,                0.36245,                0.93683,                0.81371,                0.70494,                0.76657,                0.45656,                 1.4498,                 1.4185,                 1.8158,             0.00021213,             0.00021213,             0.00021213
                    215,                0.44785,                 0.3587,                0.93911,                 0.8114,                0.69114,                0.77395,                0.46315,                 1.4568,                 1.3791,                 1.8227,             0.00020977,             0.00020977,             0.00020977
                    216,                0.43456,                0.35231,                0.93315,                0.82245,                 0.6847,                0.77692,                 0.4664,                 1.4476,                 1.3887,                 1.8079,             0.00020742,             0.00020742,             0.00020742
                    217,                0.44869,                0.36011,                0.93972,                0.78596,                0.70247,                0.76055,                0.46195,                 1.4495,                 1.4234,                 1.8072,             0.00020506,             0.00020506,             0.00020506
                    218,                0.44375,                0.35963,                0.93301,                0.76034,                0.71764,                0.76691,                0.46589,                 1.4346,                 1.4262,                 1.7822,              0.0002027,              0.0002027,              0.0002027
                    219,                0.43094,                0.35566,                0.93163,                0.78038,                0.70478,                0.77204,                0.47079,                 1.4358,                 1.3674,                 1.7968,             0.00020035,             0.00020035,             0.00020035
                    220,                0.44192,                 0.3598,                0.94057,                0.79131,                0.69298,                0.75458,                0.46507,                 1.4364,                 1.3843,                  1.809,             0.00019799,             0.00019799,             0.00019799
                    221,                0.43603,                0.35485,                0.93799,                0.78617,                0.73016,                0.76792,                0.46434,                 1.4618,                 1.3478,                  1.838,             0.00019564,             0.00019564,             0.00019564
                    222,                0.43389,                0.35132,                0.93099,                0.78541,                0.71282,                0.75677,                0.46318,                 1.4631,                 1.3902,                 1.8166,             0.00019328,             0.00019328,             0.00019328
                    223,                0.44412,                 0.3634,                0.93693,                0.81371,                0.67405,                0.75706,                0.46038,                 1.4432,                 1.4239,                 1.7863,             0.00019092,             0.00019092,             0.00019092
                    224,                0.44647,                0.36508,                 0.9403,                0.79061,                0.70523,                0.76601,                0.46595,                 1.4509,                 1.4253,                 1.8067,             0.00018857,             0.00018857,             0.00018857
                    225,                0.43772,                0.35817,                0.93616,                 0.8339,                0.67563,                0.76914,                0.47144,                 1.4618,                 1.4489,                 1.8048,             0.00018621,             0.00018621,             0.00018621
                    226,                0.44194,                0.36354,                0.93542,                0.80855,                0.70429,                0.77259,                0.47197,                 1.4466,                 1.4181,                   1.82,             0.00018385,             0.00018385,             0.00018385
                    227,                0.43155,                0.34512,                0.93401,                 0.7959,                 0.7147,                 0.7669,                0.46797,                 1.4645,                 1.4661,                 1.8399,              0.0001815,              0.0001815,              0.0001815
                    228,                0.42568,                0.35574,                0.92684,                0.80178,                0.70005,                0.77161,                0.47387,                 1.4516,                 1.4503,                 1.8223,             0.00017914,             0.00017914,             0.00017914
                    229,                0.44049,                0.35948,                0.93768,                0.83592,                0.68219,                0.76663,                0.46762,                 1.4429,                 1.4097,                 1.8011,             0.00017679,             0.00017679,             0.00017679
                    230,                0.43334,                0.35388,                0.93116,                0.80594,                 0.6956,                0.76481,                0.46982,                 1.4445,                  1.402,                 1.8014,             0.00017443,             0.00017443,             0.00017443
                    231,                0.42951,                0.34524,                0.92868,                0.80436,                0.69276,                 0.7608,                0.46899,                 1.4344,                 1.4428,                 1.8073,             0.00017207,             0.00017207,             0.00017207
                    232,                0.42575,                0.34617,                0.93317,                 0.8035,                0.67366,                0.75497,                0.46352,                 1.4293,                 1.4058,                 1.8088,             0.00016972,             0.00016972,             0.00016972
                    233,                0.43174,                0.35513,                0.93319,                0.75029,                0.73459,                0.75983,                0.46689,                  1.446,                 1.3733,                 1.8255,             0.00016736,             0.00016736,             0.00016736
                    234,                0.43387,                0.35315,                0.93165,                0.77818,                0.71646,                0.76118,                0.46572,                 1.4259,                 1.4101,                 1.8111,             0.00016501,             0.00016501,             0.00016501
                    235,                0.42479,                0.34708,                0.92926,                0.82397,                0.66435,                0.75802,                0.46458,                 1.4167,                 1.3603,                 1.7996,             0.00016265,             0.00016265,             0.00016265
                    236,                0.43062,                0.35423,                0.93345,                0.78401,                 0.7077,                0.75718,                0.46592,                   1.42,                 1.4378,                 1.7865,             0.00016029,             0.00016029,             0.00016029
                    237,                0.43049,                0.34506,                0.93091,                0.77883,                0.70319,                0.75325,                 0.4626,                 1.4203,                 1.4063,                 1.7888,             0.00015794,             0.00015794,             0.00015794
                    238,                0.42309,                0.34585,                0.93562,                0.76282,                0.72337,                0.75718,                0.46499,                 1.4342,                 1.4154,                 1.7922,             0.00015558,             0.00015558,             0.00015558
                    239,                 0.4159,                 0.3419,                0.92807,                0.76193,                0.72326,                0.75881,                0.46192,                 1.4429,                 1.4005,                 1.8127,             0.00015322,             0.00015322,             0.00015322
                    240,                0.42064,                0.33581,                0.92608,                0.76639,                0.71138,                0.75564,                0.45488,                 1.4378,                 1.4139,                 1.8225,             0.00015087,             0.00015087,             0.00015087
                    241,                0.41189,                0.33364,                0.92715,                0.78173,                0.72706,                0.76701,                0.46379,                 1.4406,                 1.4249,                 1.8067,             0.00014851,             0.00014851,             0.00014851
                    242,                0.42579,                0.34971,                0.92584,                0.79682,                0.67978,                0.75719,                0.46259,                 1.4338,                 1.4607,                 1.8077,             0.00014616,             0.00014616,             0.00014616
                    243,                0.41612,                0.34469,                0.92738,                0.75863,                0.72191,                0.75357,                0.45566,                  1.439,                 1.4477,                  1.818,              0.0001438,              0.0001438,              0.0001438
                    244,                0.42121,                0.33941,                0.92816,                0.78836,                0.72043,                0.76358,                0.46801,                 1.4266,                  1.404,                 1.8014,             0.00014144,             0.00014144,             0.00014144
                    245,                0.41689,                 0.3345,                0.92627,                0.76224,                0.72045,                 0.7486,                0.45767,                 1.4476,                 1.4541,                 1.8228,             0.00013909,             0.00013909,             0.00013909
                    246,                0.41894,                0.34244,                0.92947,                0.77888,                0.71567,                0.74798,                0.45954,                 1.4356,                 1.3925,                 1.8113,             0.00013673,             0.00013673,             0.00013673
                    247,                0.41679,                0.33898,                0.92945,                0.82294,                0.69406,                0.75309,                0.45975,                 1.4359,                 1.4462,                  1.803,             0.00013437,             0.00013437,             0.00013437
                    248,                0.41198,                0.33459,                0.92034,                0.81532,                0.69512,                0.75648,                0.46144,                 1.4235,                 1.4691,                 1.7742,             0.00013202,             0.00013202,             0.00013202
                    249,                0.41276,                0.33637,                0.92455,                0.79853,                0.69416,                0.76224,                0.46817,                 1.4225,                 1.4935,                 1.7788,             0.00012966,             0.00012966,             0.00012966
                    250,                0.40556,                 0.3303,                 0.9235,                0.80961,                0.67417,                0.74885,                0.45511,                  1.438,                 1.5016,                 1.7951,             0.00012731,             0.00012731,             0.00012731
                    251,                0.41053,                0.32532,                0.92768,                0.81431,                0.68245,                0.75447,                0.45621,                 1.4106,                 1.4255,                 1.7889,             0.00012495,             0.00012495,             0.00012495
                    252,                0.41955,                0.33455,                0.92722,                0.80554,                0.68242,                0.74709,                0.45905,                 1.4223,                 1.4433,                 1.7953,             0.00012259,             0.00012259,             0.00012259
                    253,                0.40402,                0.33427,                0.91728,                0.83377,                0.68033,                0.75289,                0.46781,                 1.4277,                 1.4549,                 1.8155,             0.00012024,             0.00012024,             0.00012024
                    254,                0.40024,                0.32732,                0.91811,                0.77429,                0.71923,                0.76243,                0.46722,                 1.4205,                 1.4569,                 1.7978,             0.00011788,             0.00011788,             0.00011788
                    255,                0.40336,                0.33179,                0.92191,                0.81613,                0.68246,                0.75378,                0.46547,                 1.4323,                 1.4816,                 1.7984,             0.00011553,             0.00011553,             0.00011553
                    256,                0.40238,                0.33406,                0.92162,                0.81226,                0.68576,                0.76204,                0.47446,                 1.4164,                 1.4246,                 1.7822,             0.00011317,             0.00011317,             0.00011317
                    257,                0.39324,                0.31946,                0.91872,                0.79317,                0.70545,                 0.7681,                0.47483,                 1.4353,                 1.3982,                 1.8144,             0.00011081,             0.00011081,             0.00011081
                    258,                0.40704,                0.33244,                0.92619,                0.76525,                0.71775,                0.76805,                0.46793,                 1.4239,                 1.4414,                 1.8074,             0.00010846,             0.00010846,             0.00010846
                    259,                0.40249,                0.32511,                0.91758,                0.77235,                 0.7202,                0.76709,                0.47271,                 1.4273,                 1.4635,                 1.8026,              0.0001061,              0.0001061,              0.0001061
